# Blue Robotics T200 thruster, public performance data (September 2019), 10-20 V; thrust converted kgf -> N (x 9.80665).
# Source: T200-Public-Performance-Data-10-20V-September-2019.xlsx (bluerobotics.com), copied from ViktorNfa/bluerov2_dynamics.
voltage_v,pwm_us,thrust_n
10.0,1100,-22.648843
10.0,1104,-22.596947
10.0,1108,-22.507983
10.0,1112,-22.374536
10.0,1116,-21.796268
10.0,1120,-21.395929
10.0,1124,-21.218
10.0,1128,-20.906625
10.0,1132,-20.684214
10.0,1136,-20.150427
10.0,1140,-20.016981
10.0,1144,-19.483195
10.0,1148,-19.17182
10.0,1152,-18.904926
10.0,1156,-18.549069
10.0,1160,-18.015283
10.0,1164,-17.74839
10.0,1168,-17.570461
10.0,1172,-17.214604
10.0,1176,-16.814264
10.0,1180,-16.502889
10.0,1184,-16.191513
10.0,1188,-15.880138
10.0,1192,-15.613245
10.0,1196,-15.257388
10.0,1200,-15.079459
10.0,1204,-14.723602
10.0,1208,-14.412226
10.0,1212,-14.145333
10.0,1216,-13.833958
10.0,1220,-13.344654
10.0,1224,-13.033279
10.0,1228,-12.944314
10.0,1232,-12.632939
10.0,1236,-12.321564
10.0,1240,-11.965706
10.0,1244,-11.654331
10.0,1248,-11.43192
10.0,1252,-11.165027
10.0,1256,-10.764688
10.0,1260,-10.542277
10.0,1264,-10.364348
10.0,1268,-9.964008
10.0,1272,-9.697115
10.0,1276,-9.519186
10.0,1280,-9.118847
10.0,1284,-8.896436
10.0,1288,-8.629543
10.0,1292,-8.36265
10.0,1296,-8.095757
10.0,1300,-7.828864
10.0,1304,-7.650935
10.0,1308,-7.384042
10.0,1312,-7.072667
10.0,1316,-6.850256
10.0,1320,-6.583363
10.0,1324,-6.405434
10.0,1328,-6.183023
10.0,1332,-6.005094
10.0,1336,-5.693719
10.0,1340,-5.426826
10.0,1344,-5.204415
10.0,1348,-5.026486
10.0,1352,-4.759593
10.0,1356,-4.581665
10.0,1360,-4.359254
10.0,1364,-4.136843
10.0,1368,-3.914432
10.0,1372,-3.736503
10.0,1376,-3.46961
10.0,1380,-3.291681
10.0,1384,-3.06927
10.0,1388,-2.891342
10.0,1392,-2.713413
10.0,1396,-2.44652
10.0,1400,-2.313073
10.0,1404,-2.090662
10.0,1408,-1.957216
10.0,1412,-1.779287
10.0,1416,-1.601358
10.0,1420,-1.512394
10.0,1424,-1.334465
10.0,1428,-1.156537
10.0,1432,-0.978608
10.0,1436,-0.845161
10.0,1440,-0.711715
10.0,1444,-0.622751
10.0,1448,-0.533786
10.0,1452,-0.444822
10.0,1456,-0.311375
10.0,1460,0.0
10.0,1464,0.0
10.0,1468,0.0
10.0,1472,0.0
10.0,1476,0.0
10.0,1480,0.0
10.0,1484,0.0
10.0,1488,0.0
10.0,1492,0.0
10.0,1496,0.0
10.0,1500,0.0
10.0,1504,0.0
10.0,1508,0.0
10.0,1512,0.0
10.0,1516,0.0
10.0,1520,0.0
10.0,1524,0.0
10.0,1528,0.0
10.0,1532,0.0
10.0,1536,0.0
10.0,1540,0.0
10.0,1544,0.40034
10.0,1548,0.533786
10.0,1552,0.667233
10.0,1556,0.756197
10.0,1560,0.889644
10.0,1564,1.067572
10.0,1568,1.245501
10.0,1572,1.42343
10.0,1576,1.601358
10.0,1580,1.779287
10.0,1584,2.001698
10.0,1588,2.179627
10.0,1592,2.402038
10.0,1596,2.579966
10.0,1600,2.84686
10.0,1604,3.06927
10.0,1608,3.291681
10.0,1612,3.558574
10.0,1616,3.780985
10.0,1620,4.047878
10.0,1624,4.359254
10.0,1628,4.581665
10.0,1632,4.848558
10.0,1636,5.115451
10.0,1640,5.382344
10.0,1644,5.693719
10.0,1648,5.960612
10.0,1652,6.271987
10.0,1656,6.716809
10.0,1660,6.894738
10.0,1664,7.117149
10.0,1668,7.473006
10.0,1672,7.828864
10.0,1676,8.095757
10.0,1680,8.36265
10.0,1684,8.718507
10.0,1688,9.029883
10.0,1692,9.296776
10.0,1696,9.563669
10.0,1700,9.519186
10.0,1704,10.275384
10.0,1708,10.542277
10.0,1712,10.898134
10.0,1716,11.43192
10.0,1720,11.609849
10.0,1724,11.83226
10.0,1728,12.143635
10.0,1732,12.499493
10.0,1736,12.85535
10.0,1740,13.300172
10.0,1744,13.833958
10.0,1748,14.011887
10.0,1752,14.501191
10.0,1756,14.946012
10.0,1760,15.168423
10.0,1764,15.479799
10.0,1768,15.92462
10.0,1772,16.235996
10.0,1776,16.591853
10.0,1780,16.947711
10.0,1784,17.392532
10.0,1788,17.659425
10.0,1792,18.104247
10.0,1796,18.415622
10.0,1800,18.77148
10.0,1804,19.527677
10.0,1808,19.572159
10.0,1812,20.19491
10.0,1816,20.506285
10.0,1820,20.81766
10.0,1824,21.262482
10.0,1828,21.707304
10.0,1832,22.285572
10.0,1836,22.596947
10.0,1840,23.175216
10.0,1844,23.620038
10.0,1848,24.064859
10.0,1852,24.331752
10.0,1856,25.043467
10.0,1860,25.31036
10.0,1864,25.666218
10.0,1868,25.977593
10.0,1872,26.33345
10.0,1876,26.822754
10.0,1880,27.178612
10.0,1884,27.667916
10.0,1888,28.201702
10.0,1892,28.379631
10.0,1896,28.602042
10.0,1900,28.691006
12.0,1100,-28.476009
12.0,1104,-28.602042
12.0,1108,-28.379631
12.0,1112,-27.75688
12.0,1116,-27.312058
12.0,1120,-27.089648
12.0,1124,-26.689308
12.0,1128,-26.200004
12.0,1132,-25.488289
12.0,1136,-25.443807
12.0,1140,-25.132432
12.0,1144,-24.465199
12.0,1148,-23.931413
12.0,1152,-23.842448
12.0,1156,-23.397627
12.0,1160,-22.952805
12.0,1164,-22.596947
12.0,1168,-22.107643
12.0,1172,-21.84075
12.0,1176,-21.395929
12.0,1180,-20.995589
12.0,1184,-20.550767
12.0,1188,-20.283874
12.0,1192,-19.705606
12.0,1196,-19.438713
12.0,1200,-19.082855
12.0,1204,-18.460105
12.0,1208,-18.104247
12.0,1212,-17.703908
12.0,1216,-17.437015
12.0,1220,-16.992193
12.0,1224,-16.32496
12.0,1228,-16.191513
12.0,1232,-15.791174
12.0,1236,-15.30187
12.0,1240,-15.034977
12.0,1244,-14.634637
12.0,1248,-14.412226
12.0,1252,-14.100851
12.0,1256,-13.700511
12.0,1260,-13.433618
12.0,1264,-13.077761
12.0,1268,-12.677421
12.0,1272,-12.543975
12.0,1276,-11.965706
12.0,1280,-11.698813
12.0,1284,-11.298474
12.0,1288,-10.942616
12.0,1292,-10.631241
12.0,1296,-10.230901
12.0,1300,-10.00849
12.0,1304,-9.741597
12.0,1308,-9.430222
12.0,1312,-9.118847
12.0,1316,-8.851954
12.0,1320,-8.540579
12.0,1324,-8.184721
12.0,1328,-7.784381
12.0,1332,-7.561971
12.0,1336,-7.250595
12.0,1340,-7.072667
12.0,1344,-6.805774
12.0,1348,-6.449916
12.0,1352,-6.271987
12.0,1356,-5.91613
12.0,1360,-5.604755
12.0,1364,-5.337862
12.0,1368,-5.070969
12.0,1372,-4.848558
12.0,1376,-4.626147
12.0,1380,-4.314771
12.0,1384,-4.092361
12.0,1388,-3.825467
12.0,1392,-3.603057
12.0,1396,-3.336163
12.0,1400,-3.113753
12.0,1404,-2.891342
12.0,1408,-2.624449
12.0,1412,-2.402038
12.0,1416,-2.224109
12.0,1420,-2.001698
12.0,1424,-1.734805
12.0,1428,-1.601358
12.0,1432,-1.42343
12.0,1436,-1.201019
12.0,1440,-1.067572
12.0,1444,-0.889644
12.0,1448,-0.711715
12.0,1452,-0.578268
12.0,1456,-0.444822
12.0,1460,-0.355857
12.0,1464,0.0
12.0,1468,0.0
12.0,1472,0.0
12.0,1476,0.0
12.0,1480,0.0
12.0,1484,0.0
12.0,1488,0.0
12.0,1492,0.0
12.0,1496,0.0
12.0,1500,0.0
12.0,1504,0.0
12.0,1508,0.0
12.0,1512,0.0
12.0,1516,0.0
12.0,1520,0.0
12.0,1524,0.0
12.0,1528,0.0
12.0,1532,0.0
12.0,1536,0.0
12.0,1540,0.40034
12.0,1544,0.533786
12.0,1548,0.711715
12.0,1552,0.934126
12.0,1556,1.112054
12.0,1560,1.289983
12.0,1564,1.512394
12.0,1568,1.734805
12.0,1572,1.957216
12.0,1576,2.179627
12.0,1580,2.491002
12.0,1584,2.713413
12.0,1588,3.024788
12.0,1592,3.247199
12.0,1596,3.603057
12.0,1600,3.86995
12.0,1604,4.181325
12.0,1608,4.4927
12.0,1612,4.804075
12.0,1616,5.070969
12.0,1620,5.382344
12.0,1624,5.782683
12.0,1628,6.138541
12.0,1632,6.405434
12.0,1636,6.716809
12.0,1640,6.983702
12.0,1644,7.428524
12.0,1648,7.739899
12.0,1652,8.140239
12.0,1656,8.407132
12.0,1660,8.762989
12.0,1664,9.118847
12.0,1668,9.474704
12.0,1672,9.830562
12.0,1676,10.186419
12.0,1680,10.631241
12.0,1684,11.165027
12.0,1688,11.387438
12.0,1692,11.743295
12.0,1696,12.099153
12.0,1700,12.543975
12.0,1704,12.85535
12.0,1708,13.25569
12.0,1712,13.744994
12.0,1716,14.056369
12.0,1720,14.545673
12.0,1724,14.990495
12.0,1728,15.346352
12.0,1732,16.013585
12.0,1736,16.413924
12.0,1740,16.769782
12.0,1744,17.34805
12.0,1748,17.837354
12.0,1752,18.104247
12.0,1756,18.682516
12.0,1760,18.860444
12.0,1764,19.260784
12.0,1768,19.928017
12.0,1772,20.461803
12.0,1776,20.906625
12.0,1780,21.351446
12.0,1784,21.929715
12.0,1788,22.285572
12.0,1792,22.86384
12.0,1796,23.531073
12.0,1800,24.153824
12.0,1804,24.598645
12.0,1808,25.132432
12.0,1812,25.666218
12.0,1816,26.022075
12.0,1820,26.600344
12.0,1824,27.223094
12.0,1828,27.890327
12.0,1832,28.15722
12.0,1836,28.735488
12.0,1840,29.491685
12.0,1844,29.847543
12.0,1848,30.247882
12.0,1852,30.959597
12.0,1856,31.62683
12.0,1860,31.982687
12.0,1864,32.516473
12.0,1868,33.139224
12.0,1872,33.361635
12.0,1876,33.806457
12.0,1880,34.340243
12.0,1884,35.007476
12.0,1888,35.674708
12.0,1892,36.341941
12.0,1896,36.208494
12.0,1900,36.423492
14.0,1100,-34.488517
14.0,1104,-34.295761
14.0,1108,-34.251278
14.0,1112,-33.850939
14.0,1116,-33.361635
14.0,1120,-32.916813
14.0,1124,-32.294063
14.0,1128,-31.849241
14.0,1132,-31.270972
14.0,1136,-30.781668
14.0,1140,-30.381329
14.0,1144,-29.980989
14.0,1148,-29.447203
14.0,1152,-28.824453
14.0,1156,-28.290666
14.0,1160,-27.934809
14.0,1164,-27.267576
14.0,1168,-27.089648
14.0,1172,-26.377933
14.0,1176,-25.933111
14.0,1180,-25.443807
14.0,1184,-24.776574
14.0,1188,-24.420717
14.0,1192,-24.064859
14.0,1196,-23.620038
14.0,1200,-23.041769
14.0,1204,-22.908323
14.0,1208,-22.152126
14.0,1212,-21.618339
14.0,1216,-21.351446
14.0,1220,-20.773178
14.0,1224,-20.150427
14.0,1228,-19.883534
14.0,1232,-19.483195
14.0,1236,-18.726998
14.0,1240,-18.549069
14.0,1244,-17.837354
14.0,1248,-17.303568
14.0,1252,-16.858746
14.0,1256,-16.502889
14.0,1260,-16.013585
14.0,1264,-15.479799
14.0,1268,-15.346352
14.0,1272,-14.90153
14.0,1276,-14.501191
14.0,1280,-14.145333
14.0,1284,-13.744994
14.0,1288,-13.433618
14.0,1292,-12.988797
14.0,1296,-12.588457
14.0,1300,-12.143635
14.0,1304,-11.698813
14.0,1308,-11.43192
14.0,1312,-11.031581
14.0,1316,-10.675723
14.0,1320,-10.319866
14.0,1324,-9.964008
14.0,1328,-9.652633
14.0,1332,-9.341258
14.0,1336,-8.9854
14.0,1340,-8.674025
14.0,1344,-8.318168
14.0,1348,-7.917828
14.0,1352,-7.517488
14.0,1356,-7.250595
14.0,1360,-6.894738
14.0,1364,-6.672327
14.0,1368,-6.360952
14.0,1372,-6.094059
14.0,1376,-5.738201
14.0,1380,-5.382344
14.0,1384,-5.070969
14.0,1388,-4.804075
14.0,1392,-4.537182
14.0,1396,-4.181325
14.0,1400,-3.914432
14.0,1404,-3.647539
14.0,1408,-3.425128
14.0,1412,-3.113753
14.0,1416,-2.802377
14.0,1420,-2.535484
14.0,1424,-2.313073
14.0,1428,-2.04618
14.0,1432,-1.823769
14.0,1436,-1.601358
14.0,1440,-1.42343
14.0,1444,-1.201019
14.0,1448,-0.978608
14.0,1452,-0.800679
14.0,1456,-0.667233
14.0,1460,-0.444822
14.0,1464,-0.311375
14.0,1468,0.0
14.0,1472,0.0
14.0,1476,0.0
14.0,1480,0.0
14.0,1484,0.0
14.0,1488,0.0
14.0,1492,0.0
14.0,1496,0.0
14.0,1500,0.0
14.0,1504,0.0
14.0,1508,0.0
14.0,1512,0.0
14.0,1516,0.0
14.0,1520,0.0
14.0,1524,0.0
14.0,1528,0.0
14.0,1532,0.0
14.0,1536,0.444822
14.0,1540,0.622751
14.0,1544,0.800679
14.0,1548,0.978608
14.0,1552,1.201019
14.0,1556,1.42343
14.0,1560,1.734805
14.0,1564,1.957216
14.0,1568,2.224109
14.0,1572,2.579966
14.0,1576,2.84686
14.0,1580,3.202717
14.0,1584,3.558574
14.0,1588,3.86995
14.0,1592,4.181325
14.0,1596,4.537182
14.0,1600,4.89304
14.0,1604,5.204415
14.0,1608,5.649237
14.0,1612,6.094059
14.0,1616,6.31647
14.0,1620,6.761291
14.0,1624,7.117149
14.0,1628,7.517488
14.0,1632,8.095757
14.0,1636,8.318168
14.0,1640,8.718507
14.0,1644,9.029883
14.0,1648,9.474704
14.0,1652,9.78608
14.0,1656,10.319866
14.0,1660,10.720205
14.0,1664,11.209509
14.0,1668,11.787778
14.0,1672,12.099153
14.0,1676,12.543975
14.0,1680,12.988797
14.0,1684,13.389136
14.0,1688,13.789476
14.0,1692,14.323262
14.0,1696,14.812566
14.0,1700,15.212906
14.0,1704,15.746692
14.0,1708,16.191513
14.0,1712,16.769782
14.0,1716,17.259086
14.0,1720,17.792872
14.0,1724,18.148729
14.0,1728,18.726998
14.0,1732,19.260784
14.0,1736,19.661124
14.0,1740,20.461803
14.0,1744,20.773178
14.0,1748,21.173518
14.0,1752,22.018679
14.0,1756,22.24109
14.0,1760,22.952805
14.0,1764,23.797966
14.0,1768,24.554163
14.0,1772,25.132432
14.0,1776,25.844147
14.0,1780,26.066557
14.0,1784,27.045165
14.0,1788,27.267576
14.0,1792,28.246184
14.0,1796,28.77997
14.0,1800,29.358239
14.0,1804,29.892025
14.0,1808,30.692704
14.0,1812,31.270972
14.0,1816,31.715794
14.0,1820,32.605438
14.0,1824,32.961295
14.0,1828,33.539564
14.0,1832,34.251278
14.0,1836,34.962993
14.0,1840,35.541262
14.0,1844,36.164012
14.0,1848,36.964691
14.0,1852,37.631924
14.0,1856,38.477086
14.0,1860,39.055354
14.0,1864,39.500176
14.0,1868,40.300855
14.0,1872,40.745677
14.0,1876,41.323945
14.0,1880,42.213589
14.0,1884,42.969786
14.0,1888,43.370125
14.0,1892,44.215287
14.0,1896,44.393216
14.0,1900,44.363561
16.0,1100,-39.907929
16.0,1104,-39.722587
16.0,1108,-39.455694
16.0,1112,-38.877425
16.0,1116,-38.254675
16.0,1120,-37.943299
16.0,1124,-37.498478
16.0,1128,-37.276067
16.0,1132,-36.786763
16.0,1136,-36.430905
16.0,1140,-35.852637
16.0,1144,-35.185404
16.0,1148,-34.518172
16.0,1152,-33.850939
16.0,1156,-33.317153
16.0,1160,-32.471991
16.0,1164,-31.893723
16.0,1168,-31.404419
16.0,1172,-30.470293
16.0,1176,-29.803061
16.0,1180,-29.358239
16.0,1184,-28.824453
16.0,1188,-28.068255
16.0,1192,-27.667916
16.0,1196,-27.178612
16.0,1200,-26.555861
16.0,1204,-26.066557
16.0,1208,-25.31036
16.0,1212,-24.998985
16.0,1216,-24.598645
16.0,1220,-24.064859
16.0,1224,-23.353144
16.0,1228,-23.086251
16.0,1232,-22.330054
16.0,1236,-21.929715
16.0,1240,-21.529375
16.0,1244,-20.773178
16.0,1248,-20.417321
16.0,1252,-19.839052
16.0,1256,-19.39423
16.0,1260,-19.038373
16.0,1264,-18.237694
16.0,1268,-17.792872
16.0,1272,-17.303568
16.0,1276,-16.680817
16.0,1280,-16.369442
16.0,1284,-15.791174
16.0,1288,-15.257388
16.0,1292,-14.857048
16.0,1296,-14.590155
16.0,1300,-14.100851
16.0,1304,-13.700511
16.0,1308,-13.211207
16.0,1312,-12.766386
16.0,1316,-12.321564
16.0,1320,-11.787778
16.0,1324,-11.387438
16.0,1328,-10.987098
16.0,1332,-10.80917
16.0,1336,-10.319866
16.0,1340,-10.00849
16.0,1344,-9.608151
16.0,1348,-9.252293
16.0,1352,-8.851954
16.0,1356,-8.540579
16.0,1360,-8.051275
16.0,1364,-7.695417
16.0,1368,-7.295077
16.0,1372,-7.028184
16.0,1376,-6.672327
16.0,1380,-6.360952
16.0,1384,-6.049576
16.0,1388,-5.693719
16.0,1392,-5.293379
16.0,1396,-5.026486
16.0,1400,-4.715111
16.0,1404,-4.359254
16.0,1408,-4.092361
16.0,1412,-3.780985
16.0,1416,-3.46961
16.0,1420,-3.158235
16.0,1424,-2.891342
16.0,1428,-2.535484
16.0,1432,-2.313073
16.0,1436,-2.04618
16.0,1440,-1.779287
16.0,1444,-1.467912
16.0,1448,-1.245501
16.0,1452,-1.02309
16.0,1456,-0.845161
16.0,1460,-0.667233
16.0,1464,-0.489304
16.0,1468,-0.355857
16.0,1472,0.0
16.0,1476,0.0
16.0,1480,0.0
16.0,1484,0.0
16.0,1488,0.0
16.0,1492,0.0
16.0,1496,0.0
16.0,1500,0.0
16.0,1504,0.0
16.0,1508,0.0
16.0,1512,0.0
16.0,1516,0.0
16.0,1520,0.0
16.0,1524,0.0
16.0,1528,0.0
16.0,1532,0.40034
16.0,1536,0.533786
16.0,1540,0.756197
16.0,1544,0.978608
16.0,1548,1.245501
16.0,1552,1.512394
16.0,1556,1.779287
16.0,1560,2.135145
16.0,1564,2.44652
16.0,1568,2.84686
16.0,1572,3.158235
16.0,1576,3.514092
16.0,1580,3.914432
16.0,1584,4.270289
16.0,1588,4.626147
16.0,1592,5.026486
16.0,1596,5.471308
16.0,1600,5.91613
16.0,1604,6.271987
16.0,1608,6.672327
16.0,1612,7.072667
16.0,1616,7.606453
16.0,1620,8.006792
16.0,1624,8.540579
16.0,1628,8.896436
16.0,1632,9.296776
16.0,1636,9.741597
16.0,1640,10.141937
16.0,1644,10.764688
16.0,1648,11.209509
16.0,1652,11.609849
16.0,1656,12.143635
16.0,1660,12.543975
16.0,1664,13.033279
16.0,1668,13.611547
16.0,1672,14.100851
16.0,1676,14.545673
16.0,1680,15.079459
16.0,1684,15.568763
16.0,1688,16.191513
16.0,1692,16.591853
16.0,1696,17.259086
16.0,1700,17.881836
16.0,1704,18.415622
16.0,1708,18.949409
16.0,1712,19.527677
16.0,1716,20.061463
16.0,1720,20.81766
16.0,1724,21.351446
16.0,1728,21.751786
16.0,1732,22.330054
16.0,1736,23.353144
16.0,1740,23.842448
16.0,1744,24.68761
16.0,1748,25.265878
16.0,1752,26.022075
16.0,1756,26.778272
16.0,1760,27.045165
16.0,1764,27.845845
16.0,1768,28.335149
16.0,1772,29.18031
16.0,1776,29.936507
16.0,1780,30.470293
16.0,1784,31.093044
16.0,1788,31.537866
16.0,1792,32.383027
16.0,1796,33.094742
16.0,1800,33.539564
16.0,1804,34.429207
16.0,1808,35.363333
16.0,1812,36.11953
16.0,1816,36.653316
16.0,1820,37.453995
16.0,1824,38.121228
16.0,1828,38.788461
16.0,1832,39.811551
16.0,1836,40.656712
16.0,1840,41.724285
16.0,1844,42.213589
16.0,1848,42.969786
16.0,1852,44.215287
16.0,1856,44.393216
16.0,1860,45.594234
16.0,1864,46.172503
16.0,1868,46.9287
16.0,1872,47.418004
16.0,1876,48.35213
16.0,1880,49.152809
16.0,1884,49.775559
16.0,1888,50.442792
16.0,1892,50.754167
16.0,1896,51.198989
16.0,1900,51.436227
18.0,1100,-45.015966
18.0,1104,-44.571144
18.0,1108,-44.437698
18.0,1112,-43.903912
18.0,1116,-43.325643
18.0,1120,-42.65841
18.0,1124,-42.613928
18.0,1128,-40.879123
18.0,1132,-41.01257
18.0,1136,-40.256373
18.0,1140,-39.58914
18.0,1144,-39.144318
18.0,1148,-38.388121
18.0,1152,-37.854335
18.0,1156,-37.365031
18.0,1160,-36.430905
18.0,1164,-36.11953
18.0,1168,-34.874029
18.0,1172,-34.740582
18.0,1176,-33.584046
18.0,1180,-32.916813
18.0,1184,-32.02717
18.0,1188,-31.315455
18.0,1192,-30.336847
18.0,1196,-29.714096
18.0,1200,-29.002381
18.0,1204,-28.246184
18.0,1208,-27.890327
18.0,1212,-27.223094
18.0,1216,-26.466897
18.0,1220,-26.066557
18.0,1224,-25.354843
18.0,1228,-24.776574
18.0,1232,-24.28727
18.0,1236,-23.753484
18.0,1240,-23.175216
18.0,1244,-22.730394
18.0,1248,-22.107643
18.0,1252,-21.662822
18.0,1256,-21.173518
18.0,1260,-20.684214
18.0,1264,-20.016981
18.0,1268,-19.572159
18.0,1272,-19.038373
18.0,1276,-18.460105
18.0,1280,-17.792872
18.0,1284,-17.259086
18.0,1288,-16.858746
18.0,1292,-16.280478
18.0,1296,-15.791174
18.0,1300,-15.346352
18.0,1304,-14.90153
18.0,1308,-14.367744
18.0,1312,-13.967404
18.0,1316,-13.522583
18.0,1320,-13.033279
18.0,1324,-12.499493
18.0,1328,-12.010189
18.0,1332,-11.520885
18.0,1336,-11.120545
18.0,1340,-10.631241
18.0,1344,-10.275384
18.0,1348,-9.919526
18.0,1352,-9.519186
18.0,1356,-9.163329
18.0,1360,-8.762989
18.0,1364,-8.407132
18.0,1368,-7.96231
18.0,1372,-7.561971
18.0,1376,-7.250595
18.0,1380,-6.850256
18.0,1384,-6.583363
18.0,1388,-6.227505
18.0,1392,-5.871648
18.0,1396,-5.471308
18.0,1400,-5.204415
18.0,1404,-4.848558
18.0,1408,-4.537182
18.0,1412,-4.225807
18.0,1416,-3.914432
18.0,1420,-3.603057
18.0,1424,-3.291681
18.0,1428,-2.980306
18.0,1432,-2.668931
18.0,1436,-2.357556
18.0,1440,-2.04618
18.0,1444,-1.779287
18.0,1448,-1.512394
18.0,1452,-1.245501
18.0,1456,-1.02309
18.0,1460,-0.756197
18.0,1464,-0.578268
18.0,1468,-0.444822
18.0,1472,0.0
18.0,1476,0.0
18.0,1480,0.0
18.0,1484,0.0
18.0,1488,0.0
18.0,1492,0.0
18.0,1496,0.0
18.0,1500,0.0
18.0,1504,0.0
18.0,1508,0.0
18.0,1512,0.0
18.0,1516,0.0
18.0,1520,0.0
18.0,1524,0.0
18.0,1528,0.0
18.0,1532,0.444822
18.0,1536,0.667233
18.0,1540,0.889644
18.0,1544,1.201019
18.0,1548,1.467912
18.0,1552,1.779287
18.0,1556,2.090662
18.0,1560,2.44652
18.0,1564,2.802377
18.0,1568,3.113753
18.0,1572,3.514092
18.0,1576,3.825467
18.0,1580,4.181325
18.0,1584,4.626147
18.0,1588,4.982004
18.0,1592,5.382344
18.0,1596,5.738201
18.0,1600,6.138541
18.0,1604,6.53888
18.0,1608,6.850256
18.0,1612,7.428524
18.0,1616,7.873346
18.0,1620,8.229203
18.0,1624,8.629543
18.0,1628,8.9854
18.0,1632,9.474704
18.0,1636,9.964008
18.0,1640,10.542277
18.0,1644,11.120545
18.0,1648,11.565367
18.0,1652,12.010189
18.0,1656,12.543975
18.0,1660,12.944314
18.0,1664,13.567065
18.0,1668,13.967404
18.0,1672,14.590155
18.0,1676,15.079459
18.0,1680,15.657727
18.0,1684,16.458407
18.0,1688,17.081157
18.0,1692,17.525979
18.0,1696,18.059765
18.0,1700,18.815962
18.0,1704,19.349748
18.0,1708,19.972499
18.0,1712,20.417321
18.0,1716,21.306964
18.0,1720,21.751786
18.0,1724,22.374536
18.0,1728,23.175216
18.0,1732,23.842448
18.0,1736,24.554163
18.0,1740,25.354843
18.0,1744,25.933111
18.0,1748,26.911719
18.0,1752,27.401023
18.0,1756,28.112738
18.0,1760,28.691006
18.0,1764,29.536167
18.0,1768,30.425811
18.0,1772,30.870633
18.0,1776,31.448901
18.0,1780,32.02717
18.0,1784,33.272671
18.0,1788,33.895421
18.0,1792,34.6961
18.0,1796,35.585744
18.0,1800,36.51987
18.0,1804,37.187102
18.0,1808,38.477086
18.0,1812,39.411211
18.0,1816,40.61223
18.0,1820,41.279463
18.0,1824,42.347035
18.0,1828,43.236679
18.0,1832,44.48218
18.0,1836,45.772163
18.0,1840,46.039056
18.0,1844,47.684897
18.0,1848,48.218683
18.0,1852,49.197291
18.0,1856,50.220381
18.0,1860,51.065542
18.0,1864,51.910704
18.0,1868,52.800348
18.0,1872,53.912402
18.0,1876,54.89101
18.0,1880,55.558243
18.0,1884,56.581333
18.0,1888,57.115119
18.0,1892,57.826834
18.0,1896,58.671995
18.0,1900,58.998198
20.0,1100,-49.382633
20.0,1104,-48.619023
20.0,1108,-48.263165
20.0,1112,-47.506968
20.0,1116,-47.017664
20.0,1120,-46.52836
20.0,1124,-45.895122
20.0,1128,-44.882519
20.0,1132,-43.770465
20.0,1136,-43.192197
20.0,1140,-42.65841
20.0,1144,-41.457392
20.0,1148,-40.790159
20.0,1152,-40.389819
20.0,1156,-39.411211
20.0,1160,-38.788461
20.0,1164,-38.121228
20.0,1168,-37.365031
20.0,1172,-36.386423
20.0,1176,-35.897119
20.0,1180,-34.874029
20.0,1184,-34.117832
20.0,1188,-32.916813
20.0,1192,-32.24958
20.0,1196,-31.004079
20.0,1200,-30.648222
20.0,1204,-29.447203
20.0,1208,-28.868935
20.0,1212,-28.15722
20.0,1216,-27.223094
20.0,1220,-26.822754
20.0,1224,-26.200004
20.0,1228,-25.532771
20.0,1232,-24.954503
20.0,1236,-24.509681
20.0,1240,-23.886931
20.0,1244,-23.575555
20.0,1248,-22.685912
20.0,1252,-22.196608
20.0,1256,-21.573857
20.0,1260,-20.995589
20.0,1264,-20.684214
20.0,1268,-20.016981
20.0,1272,-19.305266
20.0,1276,-18.77148
20.0,1280,-18.193212
20.0,1284,-17.614943
20.0,1288,-16.947711
20.0,1292,-16.413924
20.0,1296,-16.058067
20.0,1300,-15.524281
20.0,1304,-14.90153
20.0,1308,-14.456708
20.0,1312,-13.833958
20.0,1316,-13.478101
20.0,1320,-12.988797
20.0,1324,-12.45501
20.0,1328,-11.965706
20.0,1332,-11.476402
20.0,1336,-10.853652
20.0,1340,-10.453312
20.0,1344,-10.00849
20.0,1348,-9.697115
20.0,1352,-9.252293
20.0,1356,-8.896436
20.0,1360,-8.585061
20.0,1364,-8.140239
20.0,1368,-7.650935
20.0,1372,-7.384042
20.0,1376,-7.028184
20.0,1380,-6.761291
20.0,1384,-6.449916
20.0,1388,-6.183023
20.0,1392,-5.782683
20.0,1396,-5.471308
20.0,1400,-5.204415
20.0,1404,-4.937522
20.0,1408,-4.626147
20.0,1412,-4.359254
20.0,1416,-4.047878
20.0,1420,-3.780985
20.0,1424,-3.514092
20.0,1428,-3.158235
20.0,1432,-2.891342
20.0,1436,-2.579966
20.0,1440,-2.313073
20.0,1444,-2.001698
20.0,1448,-1.690323
20.0,1452,-1.42343
20.0,1456,-1.201019
20.0,1460,-0.889644
20.0,1464,-0.711715
20.0,1468,-0.533786
20.0,1472,-0.355857
20.0,1476,0.0
20.0,1480,0.0
20.0,1484,0.0
20.0,1488,0.0
20.0,1492,0.0
20.0,1496,0.0
20.0,1500,0.0
20.0,1504,0.0
20.0,1508,0.0
20.0,1512,0.0
20.0,1516,0.0
20.0,1520,0.0
20.0,1524,0.0
20.0,1528,0.0
20.0,1532,0.578268
20.0,1536,0.845161
20.0,1540,1.112054
20.0,1544,1.467912
20.0,1548,1.779287
20.0,1552,2.090662
20.0,1556,2.44652
20.0,1560,2.802377
20.0,1564,3.158235
20.0,1568,3.558574
20.0,1572,3.825467
20.0,1576,4.181325
20.0,1580,4.581665
20.0,1584,4.89304
20.0,1588,5.248897
20.0,1592,5.604755
20.0,1596,5.960612
20.0,1600,6.271987
20.0,1604,6.494398
20.0,1608,6.850256
20.0,1612,7.250595
20.0,1616,7.650935
20.0,1620,8.006792
20.0,1624,8.451614
20.0,1628,8.718507
20.0,1632,9.163329
20.0,1636,9.563669
20.0,1640,10.00849
20.0,1644,10.40883
20.0,1648,10.987098
20.0,1652,11.476402
20.0,1656,11.965706
20.0,1660,12.543975
20.0,1664,12.85535
20.0,1668,13.522583
20.0,1672,14.100851
20.0,1676,14.990495
20.0,1680,15.524281
20.0,1684,16.102549
20.0,1688,17.036675
20.0,1692,17.659425
20.0,1696,18.104247
20.0,1700,18.815962
20.0,1704,19.438713
20.0,1708,20.283874
20.0,1712,20.773178
20.0,1716,21.573857
20.0,1720,22.063161
20.0,1724,22.819358
20.0,1728,23.886931
20.0,1732,24.732092
20.0,1736,25.577253
20.0,1740,26.11104
20.0,1744,27.089648
20.0,1748,27.712398
20.0,1752,28.513077
20.0,1756,29.358239
20.0,1760,29.980989
20.0,1764,30.737186
20.0,1768,31.582348
20.0,1772,32.160616
20.0,1776,32.916813
20.0,1780,33.761975
20.0,1784,34.785065
20.0,1788,35.71919
20.0,1792,36.51987
20.0,1796,37.720889
20.0,1800,38.877425
20.0,1804,40.211891
20.0,1808,41.279463
20.0,1812,42.436
20.0,1816,43.370125
20.0,1820,44.660109
20.0,1824,46.083538
20.0,1828,47.284557
20.0,1832,48.35213
20.0,1836,49.241773
20.0,1840,50.442792
20.0,1844,51.02106
20.0,1848,52.889312
20.0,1852,54.134813
20.0,1856,55.113421
20.0,1860,56.003064
20.0,1864,57.026155
20.0,1868,58.138209
20.0,1872,59.428192
20.0,1876,60.095425
20.0,1880,61.340926
20.0,1884,62.408498
20.0,1888,63.342624
20.0,1892,64.27675
20.0,1896,64.943983
20.0,1900,65.922591
